Scenario,R_p_panel_rationalisation,R_t_truss_rationalisation,panel_scheme,truss_scheme,opening_complexity_index,P_f_prefab_level,Cost_NZD,Carbon_kgCO2e,Time_hours,Cost_normalized,Carbon_normalized,Time_normalized
rationalisation_only,0.7000000000000001,0.7000000000000001,2,2,1.0,0.72,18044.425879370036,5303.511989942406,89.92359999826348,0.9841265924499564,0.9882085515508561,0.9574466977609163
rationalisation_only,0.8,0.7000000000000001,3,2,1.0,0.72,18089.607449942727,5313.009219577168,89.9146006677635,0.9865907542574027,0.9899781795933517,0.9573508788738896
